EventID,Time_UTC,Lat,Lon,Depth_km,MagType,Mag,Region
20260607_0000059,2026-06-07T04:43:18.0Z,9.02,126.39,26.0,m,3.8,MINDANAO, PHILIPPINES
20260607_0000211,2026-06-07T14:30:18.0Z,6.28,124.44,10.0,m,4.2,MINDANAO, PHILIPPINES
20260607_0000227,2026-06-07T15:06:02.0Z,5.01,126.24,24.0,m,3.8,MINDANAO, PHILIPPINES
20260607_0000250,2026-06-07T15:47:22.0Z,9.04,122.12,4.0,m,3.8,NEGROS, PHILIPPINES
20260607_0000285,2026-06-07T18:26:40.0Z,3.91,126.11,110.0,m,3.3,KEPULAUAN TALAUD, INDONESIA
20260607_0000291,2026-06-07T18:39:09.0Z,8.71,127.21,14.0,m,3.7,PHILIPPINE ISLANDS REGION
20260607_0000292,2026-06-07T18:49:44.0Z,8.63,127.03,3.0,m,4.0,PHILIPPINE ISLANDS REGION
20260607_0000328,2026-06-07T20:49:46.0Z,3.69,127.01,29.0,m,3.3,KEPULAUAN TALAUD, INDONESIA
20260607_0000365,2026-06-07T23:48:10.83Z,5.4863,125.2598,80.0,mb,6.0,MINDANAO, PHILIPPINES
20260607_0000368,2026-06-07T23:49:13.8Z,5.6272,125.1831,35.0,mb,6.0,MINDANAO, PHILIPPINES
20260607_0000370,2026-06-07T23:51:46.0Z,5.66,125.38,19.0,mb,4.9,MINDANAO, PHILIPPINES
20260608_0000004,2026-06-08T00:11:07.0Z,5.35,125.1,33.0,m,4.8,MINDANAO, PHILIPPINES
20260608_0000022,2026-06-08T00:18:21.0Z,5.52,125.34,44.0,m,5.3,MINDANAO, PHILIPPINES
20260608_0000014,2026-06-08T00:42:26.57Z,5.6238,125.3646,35.0,mb,4.8,MINDANAO, PHILIPPINES
20260608_0000016,2026-06-08T00:48:40.19Z,5.6176,125.2113,35.0,mb,4.9,MINDANAO, PHILIPPINES
20260608_0000025,2026-06-08T00:53:03.65Z,5.259,125.0798,35.0,mb,5.0,MINDANAO, PHILIPPINES
20260608_0000018,2026-06-08T00:55:12.62Z,5.4767,125.1956,69.6,mb,6.5,MINDANAO, PHILIPPINES
20260608_0000027,2026-06-08T00:58:19.87Z,5.3155,125.803,70.0,mb,5.8,MINDANAO, PHILIPPINES
20260608_0000031,2026-06-08T01:10:58.47Z,4.9217,125.1974,70.0,mb,5.1,KEPULAUAN SANGIHE, INDONESIA
20260608_0000040,2026-06-08T01:16:40.0Z,5.32,125.13,37.0,m,3.5,MINDANAO, PHILIPPINES
20260608_0000042,2026-06-08T01:19:31.0Z,5.67,125.37,12.0,m,3.7,MINDANAO, PHILIPPINES
20260608_0000030,2026-06-08T01:28:29.0Z,2.35,125.38,8.0,m,3.6,KEPULAUAN SANGIHE, INDONESIA
20260608_0000033,2026-06-08T01:32:51.0Z,5.05,126.0,88.0,m,4.2,MINDANAO, PHILIPPINES
20260608_0000039,2026-06-08T01:35:28.13Z,5.5033,125.2938,35.0,mb,5.2,MINDANAO, PHILIPPINES
20260608_0000038,2026-06-08T01:41:28.0Z,5.28,125.44,45.0,m,4.0,MINDANAO, PHILIPPINES
20260608_0000041,2026-06-08T01:46:24.79Z,5.1484,125.6426,60.0,mb,4.6,MINDANAO, PHILIPPINES
20260608_0000047,2026-06-08T01:57:20.0Z,5.34,125.26,34.0,m,4.3,MINDANAO, PHILIPPINES
20260608_0000063,2026-06-08T02:07:17.0Z,5.03,124.9,31.0,m,3.4,MINDANAO, PHILIPPINES
20260608_0000054,2026-06-08T02:12:28.81Z,5.7061,125.2132,60.0,mb,4.8,MINDANAO, PHILIPPINES
20260608_0000062,2026-06-08T02:21:14.0Z,5.45,125.41,29.0,m,3.3,MINDANAO, PHILIPPINES
20260608_0000061,2026-06-08T02:24:32.0Z,6.28,126.01,7.0,m,3.2,MINDANAO, PHILIPPINES
20260608_0000060,2026-06-08T02:31:49.0Z,5.28,125.3,29.0,m,3.0,MINDANAO, PHILIPPINES
20260608_0000071,2026-06-08T02:34:44.0Z,5.39,125.35,39.0,m,4.0,MINDANAO, PHILIPPINES
20260608_0000064,2026-06-08T02:38:08.415Z,4.9916,124.9784,60.2,mb,4.6,CELEBES SEA
20260608_0000058,2026-06-08T02:44:31.0Z,4.99,125.54,3.0,m,3.7,KEPULAUAN SANGIHE, INDONESIA
20260608_0000059,2026-06-08T02:51:15.0Z,5.31,125.24,10.0,m,3.8,MINDANAO, PHILIPPINES
20260608_0000067,2026-06-08T02:59:44.0Z,4.88,125.66,5.0,m,4.1,KEPULAUAN SANGIHE, INDONESIA
20260608_0000079,2026-06-08T03:06:21.83Z,4.8896,125.4354,70.0,mb,4.7,KEPULAUAN SANGIHE, INDONESIA
20260608_0000072,2026-06-08T03:14:03.0Z,5.19,126.23,145.0,m,3.7,MINDANAO, PHILIPPINES
20260608_0000085,2026-06-08T03:15:43.0Z,5.19,125.29,64.0,m,4.0,MINDANAO, PHILIPPINES
20260608_0000076,2026-06-08T03:20:08.0Z,5.5,125.41,10.0,m,3.6,MINDANAO, PHILIPPINES
20260608_0000075,2026-06-08T03:23:24.0Z,5.61,125.44,10.0,m,3.9,MINDANAO, PHILIPPINES
20260608_0000081,2026-06-08T03:26:56.01Z,5.3223,125.1716,57.0,mb,4.9,MINDANAO, PHILIPPINES
20260608_0000091,2026-06-08T03:44:19.0Z,6.17,126.18,4.0,m,3.0,MINDANAO, PHILIPPINES
20260608_0000084,2026-06-08T03:47:28.0Z,5.76,125.88,181.0,m,4.4,MINDANAO, PHILIPPINES
20260608_0000083,2026-06-08T03:49:51.0Z,5.65,125.47,10.0,m,3.6,MINDANAO, PHILIPPINES
20260608_0000088,2026-06-08T03:52:17.358Z,5.2058,124.9834,35.0,m,4.2,MINDANAO, PHILIPPINES
20260608_0000090,2026-06-08T04:04:18.0Z,5.28,125.05,27.0,m,3.5,MINDANAO, PHILIPPINES
20260608_0000089,2026-06-08T04:07:54.0Z,5.25,125.76,108.0,m,4.3,MINDANAO, PHILIPPINES
20260608_0000093,2026-06-08T04:17:58.0Z,5.41,125.4,10.0,m,3.5,MINDANAO, PHILIPPINES
20260608_0000097,2026-06-08T04:30:04.0Z,5.54,125.48,91.0,m,4.2,MINDANAO, PHILIPPINES
20260608_0000108,2026-06-08T04:43:00.31Z,5.1679,125.1687,35.0,mb,5.0,MINDANAO, PHILIPPINES
20260608_0000100,2026-06-08T04:44:33.09Z,4.8324,125.4123,55.0,mb,5.3,KEPULAUAN SANGIHE, INDONESIA
20260608_0000102,2026-06-08T04:46:43.27Z,4.987,125.3049,35.0,mb,5.7,KEPULAUAN SANGIHE, INDONESIA
20260608_0000109,2026-06-08T04:57:23.0Z,5.37,125.53,74.0,m,3.8,MINDANAO, PHILIPPINES
20260608_0000110,2026-06-08T05:12:04.27Z,5.3285,125.4243,50.0,mb,5.5,MINDANAO, PHILIPPINES
20260608_0000115,2026-06-08T05:27:26.0Z,5.17,125.58,10.0,m,4.0,MINDANAO, PHILIPPINES
20260608_0000125,2026-06-08T05:36:15.273Z,5.0057,125.0476,35.0,mb,4.6,MINDANAO, PHILIPPINES
20260608_0000120,2026-06-08T05:38:12.99Z,5.4236,125.942,10.0,mb,4.7,MINDANAO, PHILIPPINES
20260608_0000124,2026-06-08T05:41:12.0Z,5.12,125.07,23.0,m,3.4,MINDANAO, PHILIPPINES
20260608_0000143,2026-06-08T05:58:58.46Z,5.0375,125.2203,35.0,mb,4.9,MINDANAO, PHILIPPINES
20260608_0000130,2026-06-08T06:07:08.0Z,4.84,125.92,123.0,m,4.3,KEPULAUAN SANGIHE, INDONESIA
20260608_0000179,2026-06-08T06:08:03.207Z,5.3206,125.3375,35.0,mb,4.7,MINDANAO, PHILIPPINES
20260608_0000134,2026-06-08T06:14:20.0Z,5.56,125.34,10.0,m,4.0,MINDANAO, PHILIPPINES
20260608_0000136,2026-06-08T06:21:56.3Z,4.857,125.3868,55.0,mb,5.3,KEPULAUAN SANGIHE, INDONESIA
20260608_0000142,2026-06-08T06:28:01.44Z,5.3316,125.6965,70.3,mb,4.5,MINDANAO, PHILIPPINES
20260608_0000141,2026-06-08T06:33:03.0Z,5.18,125.67,10.0,m,3.7,MINDANAO, PHILIPPINES
20260608_0000145,2026-06-08T06:47:49.0Z,5.16,124.99,29.0,m,4.2,MINDANAO, PHILIPPINES
20260608_0000151,2026-06-08T07:00:07.79Z,5.4599,125.0857,57.0,mb,5.0,MINDANAO, PHILIPPINES
20260608_0000157,2026-06-08T07:07:34.0Z,5.41,125.08,17.0,m,3.2,MINDANAO, PHILIPPINES
20260608_0000156,2026-06-08T07:10:38.0Z,5.23,125.97,151.0,m,3.8,MINDANAO, PHILIPPINES
20260608_0000164,2026-06-08T07:15:38.756Z,4.8317,124.5997,35.0,mb,4.6,CELEBES SEA
20260608_0000163,2026-06-08T07:23:34.0Z,5.84,125.2,10.0,m,3.6,MINDANAO, PHILIPPINES
20260608_0000167,2026-06-08T07:35:52.0Z,2.89,124.96,10.0,m,3.3,CELEBES SEA
20260608_0000173,2026-06-08T07:39:39.0Z,5.76,126.05,65.0,m,3.6,MINDANAO, PHILIPPINES
20260608_0000171,2026-06-08T07:44:56.0Z,5.15,125.27,144.0,m,3.7,MINDANAO, PHILIPPINES
20260608_0000176,2026-06-08T07:47:44.0Z,5.52,125.59,22.0,m,3.7,MINDANAO, PHILIPPINES
20260608_0000174,2026-06-08T07:51:46.0Z,5.5,125.4,10.0,m,3.6,MINDANAO, PHILIPPINES
20260608_0000181,2026-06-08T08:03:04.0Z,7.9,127.05,25.0,m,3.0,PHILIPPINE ISLANDS REGION
20260608_0000180,2026-06-08T08:04:28.0Z,5.33,126.07,8.0,m,3.7,MINDANAO, PHILIPPINES
20260608_0000197,2026-06-08T08:08:01.0Z,4.81,124.9,49.0,m,4.5,CELEBES SEA
20260608_0000182,2026-06-08T08:13:43.56Z,5.3605,125.0656,57.0,mb,5.3,MINDANAO, PHILIPPINES
20260608_0000187,2026-06-08T08:17:19.0Z,4.63,125.33,16.0,m,3.5,KEPULAUAN SANGIHE, INDONESIA
20260608_0000186,2026-06-08T08:20:29.0Z,5.15,125.87,37.0,m,3.3,MINDANAO, PHILIPPINES
20260608_0000185,2026-06-08T08:23:24.0Z,5.15,125.36,28.0,m,4.0,MINDANAO, PHILIPPINES
20260608_0000192,2026-06-08T08:35:16.0Z,5.71,125.72,10.0,m,3.5,MINDANAO, PHILIPPINES
20260608_0000196,2026-06-08T08:40:43.0Z,5.4,125.62,5.0,m,3.6,MINDANAO, PHILIPPINES
20260608_0000203,2026-06-08T08:43:53.0Z,5.66,125.38,22.0,m,3.0,MINDANAO, PHILIPPINES
20260608_0000200,2026-06-08T08:45:57.0Z,5.52,126.57,10.0,m,3.6,MINDANAO, PHILIPPINES
20260608_0000202,2026-06-08T08:47:34.0Z,9.89,124.15,6.0,m,3.1,BOHOL, PHILIPPINES
20260608_0000199,2026-06-08T08:50:18.0Z,5.06,125.76,10.0,m,3.5,MINDANAO, PHILIPPINES
20260608_0000205,2026-06-08T09:04:54.0Z,4.35,125.86,23.0,m,3.3,KEPULAUAN SANGIHE, INDONESIA
20260608_0000209,2026-06-08T09:17:23.45Z,4.9464,125.3424,35.0,mb,5.6,KEPULAUAN SANGIHE, INDONESIA
20260608_0000212,2026-06-08T09:23:22.0Z,5.46,125.04,16.0,m,3.0,MINDANAO, PHILIPPINES
20260608_0000211,2026-06-08T09:28:33.55Z,4.7919,125.4385,65.0,mb,5.1,KEPULAUAN SANGIHE, INDONESIA
20260608_0000215,2026-06-08T09:48:27.0Z,2.84,124.96,187.0,m,3.9,CELEBES SEA
20260608_0000220,2026-06-08T09:56:53.0Z,4.98,125.75,22.0,m,4.1,KEPULAUAN SANGIHE, INDONESIA
20260608_0000219,2026-06-08T10:04:06.6Z,5.2307,125.2384,57.0,mb,4.6,MINDANAO, PHILIPPINES
20260608_0000224,2026-06-08T10:16:00.0Z,5.35,125.81,10.0,m,4.3,MINDANAO, PHILIPPINES
20260608_0000231,2026-06-08T10:26:32.0Z,5.34,125.04,42.0,m,4.3,MINDANAO, PHILIPPINES
20260608_0000234,2026-06-08T10:37:06.0Z,5.19,125.08,32.0,m,3.4,MINDANAO, PHILIPPINES
20260608_0000237,2026-06-08T10:57:59.0Z,5.54,126.53,94.0,m,3.9,MINDANAO, PHILIPPINES
20260608_0000235,2026-06-08T11:01:45.0Z,5.33,125.4,28.0,m,3.9,MINDANAO, PHILIPPINES
20260608_0000240,2026-06-08T11:12:24.0Z,5.56,125.75,10.0,m,4.0,MINDANAO, PHILIPPINES
20260608_0000241,2026-06-08T11:19:25.0Z,5.23,125.46,32.0,m,3.5,MINDANAO, PHILIPPINES
20260608_0000244,2026-06-08T11:22:30.19Z,5.5725,125.2016,57.0,mb,5.5,MINDANAO, PHILIPPINES
20260608_0000248,2026-06-08T11:29:19.0Z,4.22,125.8,9.0,m,3.6,KEPULAUAN SANGIHE, INDONESIA
20260608_0000252,2026-06-08T11:36:55.0Z,5.14,125.46,29.0,m,4.2,MINDANAO, PHILIPPINES
20260608_0000251,2026-06-08T11:45:55.0Z,5.54,125.51,10.0,m,3.2,MINDANAO, PHILIPPINES
20260608_0000257,2026-06-08T11:50:52.0Z,5.27,125.54,10.0,m,3.8,MINDANAO, PHILIPPINES
20260608_0000259,2026-06-08T11:54:14.0Z,4.79,125.52,10.0,m,4.0,KEPULAUAN SANGIHE, INDONESIA
20260608_0000262,2026-06-08T11:59:49.0Z,5.31,125.44,11.0,m,4.2,MINDANAO, PHILIPPINES
20260608_0000267,2026-06-08T12:10:48.0Z,5.35,125.35,10.0,m,4.0,MINDANAO, PHILIPPINES
20260608_0000270,2026-06-08T12:21:57.0Z,5.53,125.33,28.0,m,3.2,MINDANAO, PHILIPPINES
20260608_0000273,2026-06-08T12:27:40.0Z,5.39,125.29,24.0,m,3.6,MINDANAO, PHILIPPINES
20260608_0000275,2026-06-08T12:41:30.0Z,5.91,125.38,13.0,m,4.1,MINDANAO, PHILIPPINES
20260608_0000369,2026-06-08T12:44:22.315Z,5.3961,125.2013,85.7,mb,4.4,MINDANAO, PHILIPPINES
20260608_0000281,2026-06-08T12:48:16.0Z,5.82,125.36,9.0,m,3.2,MINDANAO, PHILIPPINES
20260608_0000278,2026-06-08T12:52:25.0Z,5.27,125.05,10.0,m,3.6,MINDANAO, PHILIPPINES
20260608_0000279,2026-06-08T12:56:13.0Z,5.42,125.36,10.0,m,4.0,MINDANAO, PHILIPPINES
20260608_0000285,2026-06-08T13:05:31.0Z,4.63,125.18,25.0,m,4.2,KEPULAUAN SANGIHE, INDONESIA
20260608_0000284,2026-06-08T13:09:28.0Z,5.34,124.99,4.0,m,3.2,MINDANAO, PHILIPPINES
20260608_0000283,2026-06-08T13:14:51.0Z,4.96,125.46,10.0,m,3.4,KEPULAUAN SANGIHE, INDONESIA
20260608_0000290,2026-06-08T13:33:14.0Z,5.44,125.11,29.0,m,3.3,MINDANAO, PHILIPPINES
20260608_0000288,2026-06-08T13:35:37.0Z,4.8,125.3,18.0,m,3.9,KEPULAUAN SANGIHE, INDONESIA
20260608_0000289,2026-06-08T13:37:57.99Z,5.0564,125.2476,46.1,mb,5.2,MINDANAO, PHILIPPINES
20260608_0000293,2026-06-08T13:42:43.0Z,5.3,125.15,10.0,m,3.0,MINDANAO, PHILIPPINES
20260608_0000292,2026-06-08T13:46:19.0Z,5.69,126.53,152.0,m,3.7,MINDANAO, PHILIPPINES
20260608_0000311,2026-06-08T13:53:10.0Z,4.74,125.09,34.0,m,3.9,KEPULAUAN SANGIHE, INDONESIA
20260608_0000312,2026-06-08T14:03:36.0Z,5.07,125.73,17.0,m,3.9,MINDANAO, PHILIPPINES
20260608_0000317,2026-06-08T14:13:32.0Z,5.42,125.61,3.0,m,3.0,MINDANAO, PHILIPPINES
20260608_0000314,2026-06-08T14:15:53.0Z,5.0,125.65,10.0,m,3.3,MINDANAO, PHILIPPINES
20260608_0000316,2026-06-08T14:22:05.0Z,4.86,125.33,59.0,m,4.1,KEPULAUAN SANGIHE, INDONESIA
20260608_0000325,2026-06-08T14:37:34.45Z,4.7364,125.3085,40.0,mb,4.9,KEPULAUAN SANGIHE, INDONESIA
20260608_0000326,2026-06-08T14:53:00.63Z,5.6847,124.9453,10.0,mb,5.3,MINDANAO, PHILIPPINES
20260608_0000329,2026-06-08T14:58:29.0Z,5.67,124.9,13.0,m,3.1,MINDANAO, PHILIPPINES
20260608_0000332,2026-06-08T15:09:10.0Z,5.5,124.86,10.0,m,4.0,MINDANAO, PHILIPPINES
20260608_0000333,2026-06-08T15:14:24.0Z,5.63,124.95,10.0,m,3.7,MINDANAO, PHILIPPINES
20260608_0000334,2026-06-08T15:19:46.0Z,5.6,125.44,10.0,m,3.9,MINDANAO, PHILIPPINES
20260608_0000336,2026-06-08T15:23:39.0Z,5.64,124.9,12.0,m,3.2,MINDANAO, PHILIPPINES
20260608_0000335,2026-06-08T15:26:53.0Z,5.21,125.11,3.0,m,3.4,MINDANAO, PHILIPPINES
20260608_0000342,2026-06-08T15:32:03.0Z,5.47,124.87,10.0,m,4.1,MINDANAO, PHILIPPINES
20260608_0000346,2026-06-08T15:49:22.0Z,5.7,125.19,27.0,m,3.8,MINDANAO, PHILIPPINES
20260608_0000350,2026-06-08T16:00:38.0Z,5.48,125.89,10.0,m,4.1,MINDANAO, PHILIPPINES
20260608_0000354,2026-06-08T16:03:42.0Z,5.46,126.07,10.0,m,4.2,MINDANAO, PHILIPPINES
20260608_0000356,2026-06-08T16:09:14.0Z,5.58,125.33,9.0,m,3.2,MINDANAO, PHILIPPINES
20260608_0000360,2026-06-08T16:16:35.0Z,4.65,125.6,14.0,m,4.1,KEPULAUAN SANGIHE, INDONESIA
20260608_0000361,2026-06-08T16:25:37.0Z,5.75,125.69,154.0,m,3.6,MINDANAO, PHILIPPINES
20260608_0000363,2026-06-08T16:47:03.0Z,3.07,127.0,30.0,m,3.5,KEPULAUAN TALAUD, INDONESIA
20260608_0000366,2026-06-08T16:59:39.0Z,5.32,125.28,10.0,m,4.1,MINDANAO, PHILIPPINES
20260608_0000379,2026-06-08T17:41:31.0Z,4.76,125.32,21.0,m,4.3,KEPULAUAN SANGIHE, INDONESIA
20260608_0000385,2026-06-08T17:45:37.0Z,5.24,125.41,40.0,m,3.3,MINDANAO, PHILIPPINES
20260608_0000384,2026-06-08T17:47:11.0Z,4.75,124.72,10.0,m,3.8,CELEBES SEA
20260608_0000398,2026-06-08T18:29:01.54Z,4.862,125.3602,60.8,mb,5.1,KEPULAUAN SANGIHE, INDONESIA
20260608_0000401,2026-06-08T18:32:19.0Z,5.44,125.13,5.0,m,3.3,MINDANAO, PHILIPPINES
20260608_0000406,2026-06-08T18:52:14.0Z,4.82,125.69,10.0,m,3.8,KEPULAUAN SANGIHE, INDONESIA
20260608_0000408,2026-06-08T18:58:39.0Z,4.89,125.45,10.0,m,4.3,KEPULAUAN SANGIHE, INDONESIA
20260608_0000415,2026-06-08T19:10:07.0Z,5.29,125.04,15.0,m,3.1,MINDANAO, PHILIPPINES
20260608_0000414,2026-06-08T19:18:44.0Z,4.47,125.2,11.0,m,4.4,KEPULAUAN SANGIHE, INDONESIA
20260608_0000419,2026-06-08T19:24:41.58Z,5.0346,124.7974,5.4,mb,4.8,MINDANAO, PHILIPPINES
20260608_0000425,2026-06-08T19:46:56.0Z,4.83,125.35,5.0,m,3.9,KEPULAUAN SANGIHE, INDONESIA
20260608_0000427,2026-06-08T19:53:54.0Z,3.86,126.99,36.0,m,3.9,KEPULAUAN TALAUD, INDONESIA
20260608_0000429,2026-06-08T20:03:04.0Z,5.03,125.4,10.0,m,3.9,MINDANAO, PHILIPPINES
20260608_0000437,2026-06-08T20:20:01.0Z,5.58,126.0,11.0,m,3.3,MINDANAO, PHILIPPINES
20260608_0000435,2026-06-08T20:30:23.0Z,5.34,125.38,10.0,m,3.8,MINDANAO, PHILIPPINES
20260608_0000440,2026-06-08T20:39:13.0Z,5.0,125.45,4.0,m,3.7,MINDANAO, PHILIPPINES
20260608_0000443,2026-06-08T20:46:03.0Z,5.45,125.4,10.0,m,3.9,MINDANAO, PHILIPPINES
20260608_0000442,2026-06-08T20:49:15.0Z,5.56,124.9,10.0,m,3.6,MINDANAO, PHILIPPINES
20260608_0000452,2026-06-08T20:55:11.0Z,5.36,125.37,10.0,m,4.3,MINDANAO, PHILIPPINES
20260608_0000459,2026-06-08T21:15:38.0Z,7.61,127.02,12.0,m,3.3,PHILIPPINE ISLANDS REGION
20260608_0000468,2026-06-08T21:37:50.0Z,4.91,125.48,122.0,m,3.7,KEPULAUAN SANGIHE, INDONESIA
20260608_0000472,2026-06-08T21:45:32.0Z,5.88,124.57,127.0,m,4.3,MINDANAO, PHILIPPINES
20260608_0000480,2026-06-08T21:58:47.0Z,5.43,124.52,3.0,m,3.9,MINDANAO, PHILIPPINES
20260608_0000481,2026-06-08T22:17:05.0Z,5.19,125.44,10.0,m,4.3,MINDANAO, PHILIPPINES
20260608_0000482,2026-06-08T22:20:36.0Z,5.35,125.43,8.0,m,3.8,MINDANAO, PHILIPPINES
20260608_0000490,2026-06-08T22:30:44.0Z,5.21,124.79,1.0,m,3.7,MINDANAO, PHILIPPINES
20260608_0000491,2026-06-08T22:38:04.06Z,5.5384,125.1798,57.0,mb,4.9,MINDANAO, PHILIPPINES
20260608_0000494,2026-06-08T22:43:50.0Z,5.45,125.17,19.0,m,3.0,MINDANAO, PHILIPPINES
20260608_0000492,2026-06-08T22:49:47.0Z,4.75,125.63,10.0,m,3.6,KEPULAUAN SANGIHE, INDONESIA
20260608_0000495,2026-06-08T23:00:47.0Z,4.98,125.64,88.0,m,3.8,KEPULAUAN SANGIHE, INDONESIA
20260608_0000500,2026-06-08T23:14:23.0Z,5.83,126.37,89.0,m,3.3,MINDANAO, PHILIPPINES
20260608_0000501,2026-06-08T23:21:40.0Z,4.18,126.21,10.0,m,4.0,KEPULAUAN TALAUD, INDONESIA
20260608_0000506,2026-06-08T23:38:19.46Z,5.5845,125.4554,13.1,mb,5.1,MINDANAO, PHILIPPINES
20260608_0000510,2026-06-08T23:51:02.0Z,5.27,125.83,10.0,m,4.0,MINDANAO, PHILIPPINES
20260609_0000006,2026-06-09T00:41:10.0Z,5.65,125.06,77.0,m,3.8,MINDANAO, PHILIPPINES
20260609_0000009,2026-06-09T00:49:06.0Z,4.95,125.71,11.0,m,3.7,KEPULAUAN SANGIHE, INDONESIA
20260609_0000017,2026-06-09T00:58:30.0Z,4.51,125.12,7.0,m,3.0,KEPULAUAN SANGIHE, INDONESIA
20260609_0000021,2026-06-09T01:06:32.0Z,5.49,125.29,18.0,m,3.7,MINDANAO, PHILIPPINES
20260609_0000040,2026-06-09T01:18:56.34Z,5.5924,125.284,35.0,mb,4.6,MINDANAO, PHILIPPINES
20260609_0000036,2026-06-09T01:32:31.0Z,5.59,124.88,10.0,m,4.2,MINDANAO, PHILIPPINES
20260609_0000041,2026-06-09T01:44:55.0Z,5.33,125.36,10.0,m,3.8,MINDANAO, PHILIPPINES
20260609_0000050,2026-06-09T02:20:55.0Z,5.65,124.14,204.0,m,4.2,MINDANAO, PHILIPPINES
20260609_0000054,2026-06-09T02:31:19.0Z,5.53,125.53,10.0,m,3.4,MINDANAO, PHILIPPINES
20260609_0000066,2026-06-09T03:01:46.0Z,4.91,125.57,4.0,m,4.4,KEPULAUAN SANGIHE, INDONESIA
20260609_0000070,2026-06-09T03:21:03.0Z,5.28,125.42,6.0,m,3.6,MINDANAO, PHILIPPINES
20260609_0000072,2026-06-09T03:32:57.0Z,4.53,125.76,3.0,m,3.5,KEPULAUAN SANGIHE, INDONESIA
20260609_0000076,2026-06-09T03:53:31.0Z,5.31,125.95,10.0,m,3.9,MINDANAO, PHILIPPINES
20260609_0000079,2026-06-09T04:11:52.0Z,5.43,125.52,10.0,m,4.0,MINDANAO, PHILIPPINES
20260609_0000087,2026-06-09T04:35:26.0Z,4.95,125.49,10.0,m,3.8,KEPULAUAN SANGIHE, INDONESIA
20260609_0000088,2026-06-09T04:39:48.0Z,5.53,125.52,28.0,m,3.3,MINDANAO, PHILIPPINES
20260609_0000099,2026-06-09T05:13:42.0Z,4.56,126.95,23.0,m,3.7,KEPULAUAN TALAUD, INDONESIA
20260609_0000109,2026-06-09T05:38:21.0Z,5.03,126.36,84.0,m,3.5,MINDANAO, PHILIPPINES
20260609_0000108,2026-06-09T05:40:51.0Z,5.57,125.63,10.0,m,3.9,MINDANAO, PHILIPPINES
20260609_0000111,2026-06-09T05:49:21.0Z,5.38,125.62,5.0,m,3.8,MINDANAO, PHILIPPINES
20260609_0000114,2026-06-09T06:01:19.0Z,5.6,125.31,10.0,m,3.9,MINDANAO, PHILIPPINES
20260609_0000120,2026-06-09T06:15:10.39Z,5.4489,125.2181,10.0,mb,5.2,MINDANAO, PHILIPPINES
20260609_0000125,2026-06-09T06:25:59.0Z,5.22,125.38,8.0,m,4.3,MINDANAO, PHILIPPINES
20260609_0000126,2026-06-09T06:36:24.0Z,5.13,125.18,10.0,m,4.0,MINDANAO, PHILIPPINES
20260609_0000135,2026-06-09T07:08:21.0Z,5.37,125.62,10.0,m,3.7,MINDANAO, PHILIPPINES
20260609_0000134,2026-06-09T07:10:01.0Z,3.94,125.95,13.0,m,3.5,KEPULAUAN SANGIHE, INDONESIA
20260609_0000136,2026-06-09T07:26:40.0Z,3.86,128.26,3.0,m,4.1,NORTH OF HALMAHERA, INDONESIA
20260609_0000157,2026-06-09T07:32:59.0Z,2.92,127.48,6.0,m,3.6,MOLUCCA SEA
20260609_0000144,2026-06-09T07:48:31.0Z,5.29,125.77,2.0,m,3.2,MINDANAO, PHILIPPINES
20260609_0000152,2026-06-09T08:09:12.0Z,5.59,125.89,10.0,m,4.1,MINDANAO, PHILIPPINES
20260609_0000166,2026-06-09T08:15:35.48Z,5.6263,125.5625,50.0,mb,4.9,MINDANAO, PHILIPPINES
20260609_0000164,2026-06-09T08:21:50.0Z,5.51,125.08,3.0,m,3.1,MINDANAO, PHILIPPINES
20260609_0000188,2026-06-09T09:15:46.0Z,5.65,125.41,1.0,m,3.4,MINDANAO, PHILIPPINES
20260609_0000181,2026-06-09T09:25:03.24Z,8.7503,125.7113,40.0,mb,5.1,MINDANAO, PHILIPPINES
20260609_0000182,2026-06-09T09:34:00.0Z,5.38,125.57,10.0,m,3.9,MINDANAO, PHILIPPINES
20260609_0000183,2026-06-09T09:37:57.0Z,5.53,125.63,10.0,m,3.8,MINDANAO, PHILIPPINES
20260609_0000185,2026-06-09T09:41:05.0Z,5.6,125.4,1.0,m,3.6,MINDANAO, PHILIPPINES
20260609_0000186,2026-06-09T09:52:57.0Z,4.4,126.34,83.0,m,3.5,KEPULAUAN TALAUD, INDONESIA
20260609_0000192,2026-06-09T10:07:29.75Z,5.6281,124.8108,35.0,mb,5.4,MINDANAO, PHILIPPINES
20260609_0000199,2026-06-09T10:14:03.0Z,5.78,125.34,24.0,m,3.8,MINDANAO, PHILIPPINES
20260609_0000198,2026-06-09T10:18:42.0Z,5.06,125.91,77.0,m,3.9,MINDANAO, PHILIPPINES
20260609_0000201,2026-06-09T10:24:14.0Z,5.17,125.45,10.0,m,3.7,MINDANAO, PHILIPPINES
20260609_0000200,2026-06-09T10:30:32.0Z,5.23,126.04,10.0,m,3.7,MINDANAO, PHILIPPINES
20260609_0000203,2026-06-09T10:32:52.0Z,5.66,125.36,21.0,m,4.0,MINDANAO, PHILIPPINES
20260609_0000206,2026-06-09T10:41:34.0Z,6.1,124.64,10.0,m,3.6,MINDANAO, PHILIPPINES
20260609_0000216,2026-06-09T11:07:13.0Z,5.53,125.57,10.0,m,4.4,MINDANAO, PHILIPPINES
20260609_0000220,2026-06-09T11:20:01.0Z,5.35,125.21,26.0,m,4.0,MINDANAO, PHILIPPINES
20260609_0000226,2026-06-09T11:33:33.0Z,6.01,124.94,27.0,m,3.0,MINDANAO, PHILIPPINES
20260609_0000224,2026-06-09T11:43:37.0Z,5.51,125.31,10.0,m,3.8,MINDANAO, PHILIPPINES
20260609_0000228,2026-06-09T11:56:37.0Z,5.17,124.92,10.0,m,3.6,MINDANAO, PHILIPPINES
20260609_0000232,2026-06-09T11:59:09.0Z,5.71,124.8,2.0,m,3.0,MINDANAO, PHILIPPINES
20260609_0000230,2026-06-09T12:03:54.0Z,5.53,125.5,10.0,m,4.4,MINDANAO, PHILIPPINES
20260609_0000236,2026-06-09T12:07:58.0Z,5.02,125.07,27.0,m,3.5,MINDANAO, PHILIPPINES
20260609_0000235,2026-06-09T12:11:22.0Z,3.76,126.12,3.0,m,3.2,KEPULAUAN TALAUD, INDONESIA
20260609_0000234,2026-06-09T12:17:26.0Z,5.54,125.45,10.0,m,3.6,MINDANAO, PHILIPPINES
20260609_0000247,2026-06-09T12:42:21.0Z,3.43,126.82,15.0,m,3.1,KEPULAUAN TALAUD, INDONESIA
20260609_0000255,2026-06-09T12:49:44.0Z,5.71,124.88,3.0,m,4.3,MINDANAO, PHILIPPINES
20260609_0000254,2026-06-09T12:55:05.23Z,5.1232,125.4937,50.0,mb,4.7,MINDANAO, PHILIPPINES
20260609_0000267,2026-06-09T13:06:10.0Z,5.5,124.79,1.0,m,4.3,MINDANAO, PHILIPPINES
20260609_0000260,2026-06-09T13:09:28.0Z,5.14,125.17,10.0,m,4.0,MINDANAO, PHILIPPINES
20260609_0000266,2026-06-09T13:13:49.0Z,5.95,124.99,14.0,m,3.3,MINDANAO, PHILIPPINES
20260609_0000265,2026-06-09T13:27:03.0Z,5.43,125.09,10.0,m,4.6,MINDANAO, PHILIPPINES
20260609_0000271,2026-06-09T13:38:28.0Z,4.33,127.69,10.0,m,3.1,KEPULAUAN TALAUD, INDONESIA
20260609_0000275,2026-06-09T13:49:02.0Z,4.66,127.35,10.0,m,3.0,KEPULAUAN TALAUD, INDONESIA
20260609_0000280,2026-06-09T13:54:47.0Z,5.34,125.47,10.0,m,3.7,MINDANAO, PHILIPPINES
20260609_0000298,2026-06-09T14:25:27.0Z,5.54,124.73,5.0,m,3.3,MINDANAO, PHILIPPINES
20260609_0000300,2026-06-09T14:31:31.0Z,5.9,125.28,25.0,m,3.5,MINDANAO, PHILIPPINES
20260609_0000299,2026-06-09T14:36:22.0Z,5.13,125.36,3.0,m,3.3,MINDANAO, PHILIPPINES
20260609_0000303,2026-06-09T14:44:56.0Z,5.67,125.37,89.0,m,3.5,MINDANAO, PHILIPPINES
20260609_0000302,2026-06-09T14:50:37.0Z,5.52,125.53,10.0,m,3.5,MINDANAO, PHILIPPINES
20260609_0000310,2026-06-09T14:55:23.0Z,5.58,125.27,8.0,m,3.3,MINDANAO, PHILIPPINES
20260609_0000322,2026-06-09T15:37:12.0Z,5.2,125.6,30.0,m,3.4,MINDANAO, PHILIPPINES
20260609_0000327,2026-06-09T16:05:36.0Z,5.56,125.36,30.0,m,3.7,MINDANAO, PHILIPPINES
20260609_0000332,2026-06-09T16:20:03.0Z,5.93,125.34,14.0,m,3.2,MINDANAO, PHILIPPINES
20260609_0000335,2026-06-09T16:34:58.0Z,5.59,126.62,38.0,m,3.3,MINDANAO, PHILIPPINES
20260609_0000338,2026-06-09T16:49:24.753Z,5.5352,125.3855,59.2,mw,5.1,MINDANAO, PHILIPPINES
20260609_0000342,2026-06-09T17:01:20.0Z,5.45,125.34,28.0,m,3.3,MINDANAO, PHILIPPINES
20260609_0000345,2026-06-09T17:21:22.0Z,5.56,126.39,143.0,m,3.9,MINDANAO, PHILIPPINES
20260609_0000346,2026-06-09T17:25:39.0Z,5.34,125.42,25.0,m,3.7,MINDANAO, PHILIPPINES
20260609_0000347,2026-06-09T17:34:57.0Z,5.77,125.06,27.0,m,4.3,MINDANAO, PHILIPPINES
20260609_0000353,2026-06-09T17:40:37.238Z,4.8395,125.2852,36.2,mw,5.1,KEPULAUAN SANGIHE, INDONESIA
20260609_0000354,2026-06-09T17:44:46.0Z,5.82,125.06,21.0,m,3.1,MINDANAO, PHILIPPINES
20260609_0000355,2026-06-09T17:46:52.0Z,5.45,125.25,22.0,m,3.1,MINDANAO, PHILIPPINES
20260609_0000367,2026-06-09T17:51:42.066Z,4.9069,127.5632,35.0,mb,4.5,KEPULAUAN TALAUD, INDONESIA
20260609_0000365,2026-06-09T18:09:54.64Z,5.869,125.473,40.0,mb,5.0,MINDANAO, PHILIPPINES
20260609_0000369,2026-06-09T18:21:00.0Z,5.58,125.43,10.0,m,3.8,MINDANAO, PHILIPPINES
20260609_0000386,2026-06-09T18:55:33.0Z,5.7,125.54,26.0,m,3.4,MINDANAO, PHILIPPINES
20260609_0000385,2026-06-09T18:58:40.0Z,5.2,126.14,10.0,m,3.8,MINDANAO, PHILIPPINES
20260609_0000391,2026-06-09T19:00:44.0Z,5.25,126.13,90.0,m,3.7,MINDANAO, PHILIPPINES
20260609_0000390,2026-06-09T19:07:07.0Z,4.8,125.39,14.0,m,3.4,KEPULAUAN SANGIHE, INDONESIA
20260609_0000394,2026-06-09T19:09:53.0Z,5.21,125.26,95.0,m,3.8,MINDANAO, PHILIPPINES
20260609_0000399,2026-06-09T19:12:56.0Z,5.52,124.78,20.0,m,3.5,MINDANAO, PHILIPPINES
20260609_0000398,2026-06-09T19:22:50.0Z,4.81,125.36,21.0,m,4.0,KEPULAUAN SANGIHE, INDONESIA
20260609_0000406,2026-06-09T19:30:37.0Z,5.91,126.25,114.0,m,3.2,MINDANAO, PHILIPPINES
20260609_0000410,2026-06-09T19:33:47.0Z,5.64,125.08,28.0,m,3.0,MINDANAO, PHILIPPINES
20260609_0000415,2026-06-09T19:54:57.0Z,5.07,127.55,7.0,m,4.5,PHILIPPINE ISLANDS REGION
20260609_0000421,2026-06-09T20:09:40.0Z,5.61,124.72,6.0,m,3.3,MINDANAO, PHILIPPINES
20260609_0000424,2026-06-09T20:16:57.0Z,5.27,125.39,35.0,m,4.0,MINDANAO, PHILIPPINES
20260609_0000440,2026-06-09T20:50:11.0Z,5.79,125.36,9.0,m,3.0,MINDANAO, PHILIPPINES
20260609_0000437,2026-06-09T20:55:40.0Z,5.11,125.56,78.0,m,3.4,MINDANAO, PHILIPPINES
20260609_0000444,2026-06-09T21:08:28.0Z,5.69,125.39,10.0,m,3.5,MINDANAO, PHILIPPINES
20260609_0000452,2026-06-09T21:22:03.0Z,5.03,125.94,10.0,m,3.2,MINDANAO, PHILIPPINES
20260609_0000453,2026-06-09T21:36:46.0Z,5.28,125.4,10.0,m,3.2,MINDANAO, PHILIPPINES
20260609_0000457,2026-06-09T21:49:02.0Z,5.11,125.23,8.0,m,3.5,MINDANAO, PHILIPPINES
20260609_0000467,2026-06-09T22:00:28.0Z,4.32,125.75,1.0,m,4.4,KEPULAUAN SANGIHE, INDONESIA
20260609_0000464,2026-06-09T22:14:00.0Z,5.14,125.34,64.0,m,3.4,MINDANAO, PHILIPPINES
20260609_0000474,2026-06-09T22:26:04.0Z,5.45,125.19,16.0,m,3.1,MINDANAO, PHILIPPINES
20260609_0000473,2026-06-09T22:44:02.0Z,5.27,125.67,43.0,m,3.5,MINDANAO, PHILIPPINES
20260609_0000482,2026-06-09T23:09:22.0Z,5.34,125.47,10.0,m,3.6,MINDANAO, PHILIPPINES
20260609_0000483,2026-06-09T23:14:43.6Z,5.3032,125.4248,60.0,mb,4.8,MINDANAO, PHILIPPINES
20260609_0000494,2026-06-09T23:45:36.0Z,5.0,125.42,10.0,m,3.9,MINDANAO, PHILIPPINES
20260609_0000500,2026-06-09T23:54:57.0Z,4.02,126.4,30.0,m,3.9,KEPULAUAN TALAUD, INDONESIA
20260610_0000001,2026-06-10T00:05:46.0Z,5.55,126.09,166.0,m,3.9,MINDANAO, PHILIPPINES
20260610_0000009,2026-06-10T00:47:22.0Z,5.21,125.34,84.0,m,3.8,MINDANAO, PHILIPPINES
20260610_0000011,2026-06-10T00:53:02.0Z,5.55,125.43,10.0,m,3.7,MINDANAO, PHILIPPINES
20260610_0000015,2026-06-10T01:03:21.0Z,5.32,125.48,10.0,m,3.8,MINDANAO, PHILIPPINES
20260610_0000021,2026-06-10T01:09:25.0Z,3.06,126.2,10.0,m,3.0,KEPULAUAN TALAUD, INDONESIA
20260610_0000020,2026-06-10T01:12:45.0Z,4.52,128.1,188.0,m,4.0,NORTH OF HALMAHERA, INDONESIA
20260610_0000035,2026-06-10T01:36:56.0Z,5.78,125.34,3.0,m,3.5,MINDANAO, PHILIPPINES
20260610_0000026,2026-06-10T01:39:47.0Z,5.36,125.56,41.0,m,3.6,MINDANAO, PHILIPPINES
20260610_0000032,2026-06-10T01:41:07.0Z,5.64,124.88,4.0,m,3.1,MINDANAO, PHILIPPINES
20260610_0000029,2026-06-10T01:54:23.15Z,5.6898,125.2081,71.5,mb,5.0,MINDANAO, PHILIPPINES
20260610_0000034,2026-06-10T02:04:48.0Z,5.44,125.57,4.0,m,4.1,MINDANAO, PHILIPPINES
20260610_0000038,2026-06-10T02:10:29.0Z,5.73,125.34,32.0,m,3.3,MINDANAO, PHILIPPINES
20260610_0000044,2026-06-10T02:43:32.0Z,5.26,125.57,10.0,m,3.5,MINDANAO, PHILIPPINES
20260610_0000055,2026-06-10T03:06:00.0Z,5.81,125.17,2.0,m,3.1,MINDANAO, PHILIPPINES
20260610_0000054,2026-06-10T03:19:10.0Z,5.4,125.07,19.0,m,4.0,MINDANAO, PHILIPPINES
20260610_0000070,2026-06-10T03:44:21.0Z,5.25,125.54,10.0,m,3.7,MINDANAO, PHILIPPINES
20260610_0000063,2026-06-10T03:45:48.0Z,5.36,126.79,200.0,m,3.8,MINDANAO, PHILIPPINES
20260610_0000074,2026-06-10T04:12:02.0Z,6.13,125.47,10.0,m,3.8,MINDANAO, PHILIPPINES
20260610_0000073,2026-06-10T04:15:23.0Z,5.22,125.53,53.0,m,3.9,MINDANAO, PHILIPPINES
20260610_0000076,2026-06-10T04:22:22.0Z,5.86,125.97,5.0,m,3.2,MINDANAO, PHILIPPINES
20260610_0000081,2026-06-10T04:41:02.0Z,5.11,125.86,10.0,m,3.8,MINDANAO, PHILIPPINES
20260610_0000084,2026-06-10T04:53:31.0Z,5.33,125.5,14.0,m,3.8,MINDANAO, PHILIPPINES
20260610_0000088,2026-06-10T05:17:23.0Z,4.94,125.24,22.0,m,3.7,KEPULAUAN SANGIHE, INDONESIA
20260610_0000093,2026-06-10T05:23:59.0Z,4.93,124.97,269.0,m,4.0,CELEBES SEA
20260610_0000105,2026-06-10T06:28:27.0Z,5.33,124.86,8.0,m,3.1,MINDANAO, PHILIPPINES
20260610_0000111,2026-06-10T06:58:40.0Z,5.54,126.58,9.0,m,4.2,MINDANAO, PHILIPPINES
20260610_0000116,2026-06-10T07:24:37.0Z,5.77,126.15,119.0,m,4.2,MINDANAO, PHILIPPINES
20260610_0000118,2026-06-10T07:31:42.0Z,5.36,125.08,29.0,m,3.0,MINDANAO, PHILIPPINES
20260610_0000122,2026-06-10T07:48:17.0Z,5.1,124.89,9.0,m,3.8,MINDANAO, PHILIPPINES
20260610_0000125,2026-06-10T08:14:30.0Z,5.3,125.54,10.0,m,4.4,MINDANAO, PHILIPPINES
20260610_0000129,2026-06-10T08:38:48.0Z,5.47,125.12,2.0,m,3.1,MINDANAO, PHILIPPINES
20260610_0000133,2026-06-10T09:00:32.0Z,5.54,125.31,10.0,m,3.7,MINDANAO, PHILIPPINES
20260610_0000144,2026-06-10T09:13:42.703Z,5.6757,125.3874,61.7,mb,5.1,MINDANAO, PHILIPPINES
20260610_0000160,2026-06-10T10:07:41.0Z,5.39,125.58,10.0,m,3.6,MINDANAO, PHILIPPINES
20260610_0000169,2026-06-10T10:40:29.0Z,5.8,125.56,90.0,m,3.7,MINDANAO, PHILIPPINES
20260610_0000171,2026-06-10T10:52:25.0Z,5.68,125.33,2.0,m,3.1,MINDANAO, PHILIPPINES
20260610_0000174,2026-06-10T11:07:56.613Z,5.4152,125.2355,36.5,mb,5.0,MINDANAO, PHILIPPINES
20260610_0000182,2026-06-10T11:46:15.0Z,5.53,125.56,10.0,m,4.2,MINDANAO, PHILIPPINES
20260610_0000188,2026-06-10T12:07:01.0Z,4.68,125.25,52.0,m,3.4,KEPULAUAN SANGIHE, INDONESIA
20260610_0000190,2026-06-10T12:17:57.0Z,6.01,125.37,10.0,m,4.0,MINDANAO, PHILIPPINES
20260610_0000197,2026-06-10T12:41:11.0Z,7.9,126.85,10.0,m,3.4,MINDANAO, PHILIPPINES
20260610_0000203,2026-06-10T12:56:38.0Z,5.26,125.34,10.0,m,3.2,MINDANAO, PHILIPPINES
20260610_0000214,2026-06-10T13:28:44.0Z,5.31,125.63,7.0,m,3.5,MINDANAO, PHILIPPINES
20260610_0000240,2026-06-10T14:37:24.0Z,5.34,125.43,65.0,m,3.7,MINDANAO, PHILIPPINES
20260610_0000244,2026-06-10T14:55:24.0Z,5.58,125.04,7.0,m,3.5,MINDANAO, PHILIPPINES
20260610_0000246,2026-06-10T15:05:50.0Z,5.35,125.54,10.0,m,3.6,MINDANAO, PHILIPPINES
20260610_0000249,2026-06-10T15:27:08.0Z,5.38,125.0,10.0,m,3.5,MINDANAO, PHILIPPINES
20260610_0000257,2026-06-10T16:14:51.0Z,5.38,125.46,10.0,m,3.5,MINDANAO, PHILIPPINES
20260610_0000264,2026-06-10T16:38:13.0Z,5.31,125.62,10.0,m,3.4,MINDANAO, PHILIPPINES
20260610_0000266,2026-06-10T16:43:25.0Z,4.47,125.71,36.0,m,3.3,KEPULAUAN SANGIHE, INDONESIA
20260610_0000273,2026-06-10T16:51:25.0Z,5.93,125.37,7.0,m,3.0,MINDANAO, PHILIPPINES
20260610_0000271,2026-06-10T16:57:30.0Z,5.48,125.34,10.0,m,4.0,MINDANAO, PHILIPPINES
20260610_0000278,2026-06-10T17:26:10.0Z,5.42,125.34,10.0,m,3.4,MINDANAO, PHILIPPINES
20260610_0000281,2026-06-10T17:40:13.0Z,5.56,125.42,95.0,m,3.5,MINDANAO, PHILIPPINES
20260610_0000284,2026-06-10T17:52:47.0Z,5.89,125.37,12.0,m,3.2,MINDANAO, PHILIPPINES
20260610_0000286,2026-06-10T17:56:24.0Z,5.68,125.68,105.0,m,3.8,MINDANAO, PHILIPPINES
20260610_0000292,2026-06-10T18:05:30.0Z,5.32,125.22,22.0,m,3.0,MINDANAO, PHILIPPINES
20260610_0000291,2026-06-10T18:12:05.0Z,5.49,125.34,10.0,m,3.5,MINDANAO, PHILIPPINES
20260610_0000300,2026-06-10T18:58:03.0Z,5.52,125.36,10.0,m,3.6,MINDANAO, PHILIPPINES
20260610_0000302,2026-06-10T19:06:08.0Z,4.93,125.86,10.0,m,3.2,KEPULAUAN SANGIHE, INDONESIA
20260610_0000305,2026-06-10T19:13:57.0Z,5.19,125.45,10.0,m,3.8,MINDANAO, PHILIPPINES
20260610_0000320,2026-06-10T19:57:05.0Z,4.86,126.33,10.0,m,3.3,KEPULAUAN TALAUD, INDONESIA
20260610_0000326,2026-06-10T20:29:02.0Z,5.32,125.59,10.0,m,3.3,MINDANAO, PHILIPPINES
20260610_0000329,2026-06-10T20:36:33.0Z,5.74,126.14,38.0,m,3.0,MINDANAO, PHILIPPINES
20260610_0000333,2026-06-10T20:55:28.0Z,5.31,125.45,20.0,m,3.6,MINDANAO, PHILIPPINES
20260610_0000332,2026-06-10T20:56:54.0Z,5.33,125.3,10.0,m,3.3,MINDANAO, PHILIPPINES
20260610_0000341,2026-06-10T21:34:05.0Z,5.59,125.56,10.0,m,3.6,MINDANAO, PHILIPPINES
20260610_0000340,2026-06-10T21:37:20.0Z,4.97,125.39,10.0,m,3.5,KEPULAUAN SANGIHE, INDONESIA
20260610_0000355,2026-06-10T22:17:12.0Z,5.38,125.45,10.0,m,3.4,MINDANAO, PHILIPPINES
20260610_0000360,2026-06-10T22:30:43.0Z,5.44,125.68,10.0,m,3.3,MINDANAO, PHILIPPINES
20260610_0000362,2026-06-10T22:42:38.0Z,5.32,125.69,12.0,m,3.2,MINDANAO, PHILIPPINES
20260610_0000365,2026-06-10T22:46:30.0Z,5.29,125.41,123.0,m,3.5,MINDANAO, PHILIPPINES
20260610_0000368,2026-06-10T22:51:35.0Z,4.75,125.7,3.0,m,3.7,KEPULAUAN SANGIHE, INDONESIA
20260610_0000375,2026-06-10T23:26:26.38Z,4.8779,125.3282,29.3,mb,5.1,KEPULAUAN SANGIHE, INDONESIA
20260610_0000381,2026-06-10T23:47:45.0Z,5.36,125.43,10.0,m,4.0,MINDANAO, PHILIPPINES
20260611_0000001,2026-06-11T00:00:43.4Z,4.8832,125.2691,35.0,mb,4.9,KEPULAUAN SANGIHE, INDONESIA
20260611_0000002,2026-06-11T00:18:10.0Z,5.55,126.56,7.0,m,3.9,MINDANAO, PHILIPPINES
20260611_0000010,2026-06-11T01:05:04.0Z,5.68,125.32,1.0,m,3.1,MINDANAO, PHILIPPINES
20260611_0000009,2026-06-11T01:10:52.0Z,5.32,125.42,25.0,m,3.8,MINDANAO, PHILIPPINES
20260611_0000013,2026-06-11T01:24:28.0Z,5.37,125.27,27.0,m,3.8,MINDANAO, PHILIPPINES
20260611_0000015,2026-06-11T01:40:11.0Z,5.39,125.38,3.0,m,3.3,MINDANAO, PHILIPPINES
20260611_0000018,2026-06-11T01:46:18.0Z,5.65,125.27,22.0,m,3.1,MINDANAO, PHILIPPINES
20260611_0000019,2026-06-11T01:56:14.27Z,4.8793,125.3492,35.0,mb,5.5,KEPULAUAN SANGIHE, INDONESIA
20260611_0000023,2026-06-11T02:12:05.0Z,4.91,125.11,21.0,m,3.5,KEPULAUAN SANGIHE, INDONESIA
20260611_0000022,2026-06-11T02:16:57.0Z,4.96,125.63,10.0,m,3.5,KEPULAUAN SANGIHE, INDONESIA
20260611_0000025,2026-06-11T02:21:01.0Z,5.54,125.35,28.0,m,3.0,MINDANAO, PHILIPPINES
20260611_0000024,2026-06-11T02:27:16.0Z,2.77,125.39,5.0,m,3.6,KEPULAUAN SANGIHE, INDONESIA
20260611_0000029,2026-06-11T02:28:46.0Z,5.48,125.38,5.0,m,3.9,MINDANAO, PHILIPPINES
20260611_0000033,2026-06-11T02:43:38.32Z,4.7679,125.396,32.0,mb,4.6,KEPULAUAN SANGIHE, INDONESIA
20260611_0000036,2026-06-11T02:57:55.0Z,2.2,128.27,9.0,m,3.4,HALMAHERA, INDONESIA
20260611_0000041,2026-06-11T03:14:26.17Z,5.2209,125.636,10.0,mb,4.8,MINDANAO, PHILIPPINES
20260611_0000047,2026-06-11T03:26:10.0Z,5.67,125.07,33.0,m,3.4,MINDANAO, PHILIPPINES
20260611_0000052,2026-06-11T03:49:28.0Z,5.71,125.31,9.0,m,3.0,MINDANAO, PHILIPPINES
20260611_0000060,2026-06-11T04:27:30.0Z,5.7,125.27,10.0,m,3.5,MINDANAO, PHILIPPINES
20260611_0000062,2026-06-11T04:35:04.0Z,5.61,125.28,3.0,m,3.3,MINDANAO, PHILIPPINES
20260611_0000067,2026-06-11T04:50:57.0Z,5.23,125.38,10.0,m,4.0,MINDANAO, PHILIPPINES
20260611_0000077,2026-06-11T05:14:06.0Z,5.54,125.47,11.0,m,3.6,MINDANAO, PHILIPPINES
20260611_0000083,2026-06-11T05:32:31.0Z,5.54,126.56,8.0,m,4.1,MINDANAO, PHILIPPINES
20260611_0000088,2026-06-11T05:38:46.6Z,4.8455,125.4721,60.0,mb,5.0,KEPULAUAN SANGIHE, INDONESIA
20260611_0000094,2026-06-11T05:57:45.0Z,5.56,126.58,10.0,m,3.8,MINDANAO, PHILIPPINES
20260611_0000100,2026-06-11T06:11:30.0Z,5.47,125.35,10.0,m,3.6,MINDANAO, PHILIPPINES
20260611_0000102,2026-06-11T06:17:21.0Z,4.34,125.35,12.0,m,4.0,KEPULAUAN SANGIHE, INDONESIA
20260611_0000105,2026-06-11T06:35:39.0Z,5.55,126.58,10.0,m,3.8,MINDANAO, PHILIPPINES
20260611_0000111,2026-06-11T06:57:19.0Z,5.77,125.38,10.0,m,3.1,MINDANAO, PHILIPPINES
20260611_0000119,2026-06-11T07:16:54.0Z,4.92,125.46,52.0,m,3.4,KEPULAUAN SANGIHE, INDONESIA
20260611_0000124,2026-06-11T07:33:17.61Z,4.9085,125.3735,20.0,mw,5.4,KEPULAUAN SANGIHE, INDONESIA
20260611_0000135,2026-06-11T08:00:13.0Z,4.88,125.15,15.0,m,3.0,KEPULAUAN SANGIHE, INDONESIA
20260611_0000134,2026-06-11T08:06:34.0Z,5.24,125.78,115.0,m,3.8,MINDANAO, PHILIPPINES
20260611_0000136,2026-06-11T08:14:04.0Z,4.95,125.47,30.0,m,3.2,KEPULAUAN SANGIHE, INDONESIA
20260611_0000141,2026-06-11T08:25:04.0Z,5.27,125.27,46.0,m,3.4,MINDANAO, PHILIPPINES
20260611_0000142,2026-06-11T08:56:42.0Z,4.95,125.48,10.0,m,3.5,KEPULAUAN SANGIHE, INDONESIA
20260611_0000145,2026-06-11T09:01:40.0Z,5.03,125.4,10.0,m,3.5,MINDANAO, PHILIPPINES
20260611_0000147,2026-06-11T09:05:35.0Z,5.04,125.6,10.0,m,3.8,MINDANAO, PHILIPPINES
20260611_0000157,2026-06-11T09:17:15.0Z,5.66,125.49,21.0,m,3.1,MINDANAO, PHILIPPINES
20260611_0000161,2026-06-11T09:28:51.0Z,5.19,124.68,15.0,m,3.0,MINDANAO, PHILIPPINES
20260611_0000168,2026-06-11T09:58:48.0Z,4.85,125.54,10.0,m,3.5,KEPULAUAN SANGIHE, INDONESIA
20260611_0000202,2026-06-11T11:42:38.0Z,5.27,125.54,10.0,m,3.4,MINDANAO, PHILIPPINES
20260611_0000205,2026-06-11T11:46:58.49Z,4.8405,125.4044,35.0,mb,5.1,KEPULAUAN SANGIHE, INDONESIA
20260611_0000211,2026-06-11T11:49:28.0Z,4.75,125.17,14.0,m,3.8,KEPULAUAN SANGIHE, INDONESIA
20260611_0000219,2026-06-11T12:13:39.0Z,5.19,125.5,10.0,m,3.5,MINDANAO, PHILIPPINES
20260611_0000233,2026-06-11T13:17:35.0Z,4.8,125.59,10.0,m,3.3,KEPULAUAN SANGIHE, INDONESIA
20260611_0000239,2026-06-11T13:41:58.0Z,2.65,128.44,203.0,m,3.5,HALMAHERA, INDONESIA
20260611_0000241,2026-06-11T13:48:29.0Z,5.0,125.3,10.0,m,3.6,MINDANAO, PHILIPPINES
20260611_0000242,2026-06-11T13:55:38.0Z,4.95,125.4,10.0,m,3.6,KEPULAUAN SANGIHE, INDONESIA
20260611_0000251,2026-06-11T14:08:40.0Z,4.76,125.72,10.0,m,4.0,KEPULAUAN SANGIHE, INDONESIA
20260611_0000256,2026-06-11T14:13:45.0Z,5.81,125.39,14.0,m,3.1,MINDANAO, PHILIPPINES
20260611_0000254,2026-06-11T14:16:50.0Z,2.31,127.27,24.0,m,3.1,MOLUCCA SEA
20260611_0000258,2026-06-11T14:26:31.0Z,5.71,126.08,133.0,m,3.5,MINDANAO, PHILIPPINES
20260611_0000263,2026-06-11T14:43:19.0Z,4.69,125.33,31.0,m,3.3,KEPULAUAN SANGIHE, INDONESIA
20260611_0000262,2026-06-11T14:44:36.0Z,4.6,125.56,31.0,m,3.4,KEPULAUAN SANGIHE, INDONESIA
20260611_0000266,2026-06-11T14:56:55.0Z,5.22,125.54,21.0,m,3.5,MINDANAO, PHILIPPINES
20260611_0000270,2026-06-11T15:04:08.0Z,5.64,126.58,23.0,m,3.3,MINDANAO, PHILIPPINES
20260611_0000274,2026-06-11T15:09:10.0Z,4.96,125.27,57.0,m,3.5,KEPULAUAN SANGIHE, INDONESIA
20260611_0000280,2026-06-11T15:23:45.0Z,5.0,124.92,34.0,m,3.2,MINDANAO, PHILIPPINES
20260611_0000277,2026-06-11T15:26:05.0Z,5.03,125.31,10.0,m,3.8,MINDANAO, PHILIPPINES
20260611_0000282,2026-06-11T15:43:35.0Z,5.63,125.4,10.0,m,4.2,MINDANAO, PHILIPPINES
20260611_0000290,2026-06-11T16:09:17.0Z,4.98,125.44,6.0,m,4.6,KEPULAUAN SANGIHE, INDONESIA
20260611_0000292,2026-06-11T16:17:47.0Z,4.91,125.39,10.0,m,3.9,KEPULAUAN SANGIHE, INDONESIA
20260611_0000294,2026-06-11T16:26:13.0Z,5.05,125.38,10.0,m,4.1,MINDANAO, PHILIPPINES
20260611_0000299,2026-06-11T16:43:08.0Z,5.33,125.35,10.0,m,3.8,MINDANAO, PHILIPPINES
20260611_0000301,2026-06-11T16:55:12.0Z,4.94,125.35,10.0,m,4.0,KEPULAUAN SANGIHE, INDONESIA
20260611_0000310,2026-06-11T17:09:13.0Z,5.32,125.11,10.0,m,3.5,MINDANAO, PHILIPPINES
20260611_0000311,2026-06-11T17:12:06.0Z,4.79,125.25,20.0,m,3.0,KEPULAUAN SANGIHE, INDONESIA
20260611_0000320,2026-06-11T17:55:11.0Z,5.45,126.47,16.0,m,3.8,MINDANAO, PHILIPPINES
20260611_0000327,2026-06-11T18:27:02.0Z,5.51,126.81,8.0,m,3.6,MINDANAO, PHILIPPINES
20260611_0000330,2026-06-11T18:33:10.0Z,4.83,125.66,10.0,m,3.5,KEPULAUAN SANGIHE, INDONESIA
20260611_0000339,2026-06-11T18:57:09.0Z,5.0,125.45,10.0,m,3.7,MINDANAO, PHILIPPINES
20260611_0000347,2026-06-11T19:27:25.0Z,5.35,125.16,26.0,m,3.0,MINDANAO, PHILIPPINES
20260611_0000363,2026-06-11T20:20:37.0Z,5.57,125.89,10.0,m,3.0,MINDANAO, PHILIPPINES
20260611_0000378,2026-06-11T21:00:23.0Z,6.41,126.41,6.0,m,3.0,MINDANAO, PHILIPPINES
20260611_0000385,2026-06-11T21:16:21.0Z,5.82,126.49,7.0,m,3.4,MINDANAO, PHILIPPINES
20260611_0000384,2026-06-11T21:19:01.0Z,5.32,125.44,10.0,m,3.9,MINDANAO, PHILIPPINES
20260611_0000390,2026-06-11T21:54:24.0Z,5.56,125.32,10.0,m,3.1,MINDANAO, PHILIPPINES
20260611_0000396,2026-06-11T21:57:06.0Z,5.42,125.57,10.0,m,3.6,MINDANAO, PHILIPPINES
20260611_0000402,2026-06-11T22:31:54.0Z,5.67,125.35,10.0,m,3.9,MINDANAO, PHILIPPINES
20260611_0000409,2026-06-11T23:03:09.0Z,5.35,125.07,10.0,m,3.8,MINDANAO, PHILIPPINES
20260611_0000411,2026-06-11T23:05:35.0Z,5.46,124.92,7.0,m,3.4,MINDANAO, PHILIPPINES
20260611_0000422,2026-06-11T23:49:07.0Z,3.36,126.93,289.0,m,3.4,KEPULAUAN TALAUD, INDONESIA
20260612_0000012,2026-06-12T01:02:33.0Z,5.36,125.48,10.0,m,3.0,MINDANAO, PHILIPPINES
20260612_0000015,2026-06-12T01:07:14.0Z,4.84,125.58,143.0,m,3.7,KEPULAUAN SANGIHE, INDONESIA
20260612_0000112,2026-06-12T01:12:30.0Z,4.78,125.72,10.0,m,4.0,KEPULAUAN SANGIHE, INDONESIA
20260612_0000014,2026-06-12T01:14:51.0Z,5.34,125.48,10.0,m,3.2,MINDANAO, PHILIPPINES
20260612_0000021,2026-06-12T01:19:49.0Z,5.52,125.25,9.0,m,3.7,MINDANAO, PHILIPPINES
20260612_0000024,2026-06-12T01:23:20.0Z,5.19,125.1,3.0,m,3.5,MINDANAO, PHILIPPINES
20260612_0000032,2026-06-12T01:38:28.0Z,5.7,125.14,32.0,m,3.1,MINDANAO, PHILIPPINES
20260612_0000027,2026-06-12T01:45:04.0Z,5.12,126.66,96.0,m,3.3,MINDANAO, PHILIPPINES
20260612_0000030,2026-06-12T01:50:12.0Z,5.51,125.33,10.0,m,3.8,MINDANAO, PHILIPPINES
20260612_0000048,2026-06-12T02:47:38.0Z,5.25,125.16,12.0,m,3.2,MINDANAO, PHILIPPINES
20260612_0000058,2026-06-12T03:13:40.0Z,5.2,125.45,22.0,m,4.2,MINDANAO, PHILIPPINES
20260612_0000061,2026-06-12T03:20:11.0Z,5.41,124.93,17.0,m,3.4,MINDANAO, PHILIPPINES
20260612_0000068,2026-06-12T03:52:56.0Z,5.28,125.02,8.0,m,3.0,MINDANAO, PHILIPPINES
20260612_0000074,2026-06-12T04:19:34.0Z,5.57,125.22,10.0,m,3.7,MINDANAO, PHILIPPINES
20260612_0000076,2026-06-12T04:26:54.0Z,5.44,125.39,10.0,m,3.4,MINDANAO, PHILIPPINES
20260612_0000086,2026-06-12T04:50:50.0Z,5.53,125.42,12.0,m,3.1,MINDANAO, PHILIPPINES
20260612_0000090,2026-06-12T05:14:43.32Z,5.4073,124.6241,35.0,mb,4.8,MINDANAO, PHILIPPINES
20260612_0000096,2026-06-12T05:53:20.0Z,5.54,125.56,6.0,m,3.5,MINDANAO, PHILIPPINES
20260612_0000106,2026-06-12T06:28:54.0Z,5.32,125.31,2.0,m,3.0,MINDANAO, PHILIPPINES
20260612_0000108,2026-06-12T06:42:22.0Z,4.49,127.24,10.0,m,3.5,KEPULAUAN TALAUD, INDONESIA
20260612_0000111,2026-06-12T06:56:31.0Z,5.36,125.56,10.0,m,3.7,MINDANAO, PHILIPPINES
20260612_0000113,2026-06-12T06:58:11.0Z,5.73,125.22,19.0,m,3.2,MINDANAO, PHILIPPINES
20260612_0000117,2026-06-12T07:27:13.0Z,5.11,125.49,10.0,m,3.3,MINDANAO, PHILIPPINES
20260612_0000125,2026-06-12T08:02:01.0Z,5.33,125.26,9.0,m,4.0,MINDANAO, PHILIPPINES
20260612_0000136,2026-06-12T08:39:40.0Z,5.29,125.33,27.0,m,4.0,MINDANAO, PHILIPPINES
20260612_0000135,2026-06-12T08:41:38.0Z,5.25,125.34,9.0,m,3.6,MINDANAO, PHILIPPINES
20260612_0000134,2026-06-12T08:46:05.0Z,2.35,127.33,24.0,m,4.2,MOLUCCA SEA
20260612_0000145,2026-06-12T09:23:17.0Z,5.14,125.56,9.0,m,3.1,MINDANAO, PHILIPPINES
20260612_0000147,2026-06-12T09:43:03.0Z,4.97,125.81,10.0,m,3.8,KEPULAUAN SANGIHE, INDONESIA
20260612_0000150,2026-06-12T09:49:13.0Z,8.53,126.5,11.0,m,3.7,MINDANAO, PHILIPPINES
